{
    "zprime30": {
        "expected": [
            0.1081, 
            0.006689, 
            0.0009523, 
            0.0002273
        ], 
        "mass": [
            1, 
            2, 
            3, 
            4
        ], 
        "theory": [
            129.361, 
            7.74166, 
            1.17252, 
            0.288839
        ]
    }, 
    "zprime1": {
        "expected": [], 
        "mass": [
            1, 
            2, 
            3, 
            3, 
            4
        ], 
        "theory": [
            4.5054, 
            0.20551, 
            0.0205665, 
            0.0027587
        ]
    }, 
    "zprime10": {
        "expected": [
            0.3622, 
            0.01895, 
            0.002112, 
            0.0003889
        ], 
        "mass": [
            1, 
            2, 
            3, 
            4
        ], 
        "theory": [
            44.8526, 
            2.26215, 
            0.272788, 
            0.0515542
        ]
    }, 
    "rsgluon": {
        "expected": [
            21.03, 
            3.656, 
            0.9417, 
            0.3039, 
            0.1163, 
            0.05138, 
            0.02556, 
            0.01422, 
            0.008631
        ], 
        "mass": [
            1, 
            1.5, 
            2, 
            2.5, 
            3, 
            3.5, 
            4, 
            4.5, 
            5
        ], 
        "theory": [
            26.065, 
            4.5747, 
            1.23864, 
            0.40768, 
            0.16757, 
            0.07085, 
            0.036491, 
            0.020839, 
            0.0118235
        ]
    }, 
    "zprimeDM": {
        "expected": [
            2.222, 
            0.387, 
            0.09428, 
            0.0279, 
            0.009327, 
            0.003507, 
            0.001484, 
            0.0007087, 
            0.0003801
        ], 
        "mass": [
            1.0, 
            1.5, 
            2.0, 
            2.5, 
            3.0, 
            3.5, 
            4.0, 
            4.5, 
            5.0
        ], 
        "theory": [
            2.222, 
            0.387, 
            0.09428, 
            0.0279, 
            0.009327, 
            0.003507, 
            0.001484, 
            0.0007087, 
            0.0003801
        ]
    }
}